,date,text,sentiment_score_2_fold,sentiment_score_3_fold,sentiment_score_SO_PMI
1,2024-08-30,"['Ostatnia sesja miesiąca potwierdziła silne przywiązanie WIG20 do poziomu w okolicach 2400 pkt. W efekcie od połowy sierpnia obserwujemy trend boczny, z którego coraz trudniej się wyrwać. Portfelowe przetasowania zdecydowały o wyniku sesji i ogromnych obrotach.']",1.0,0.0,1.98
0,2024-08-30,"['Ostatni tydzień wakacji na rynkach finansowych był podporządkowany wynikom Nvidii. Inwestorzy na krajowym parkiecie dostali natomiast raport CD Projektu. Kurs największego polskiego studia gier jest w tym roku najlepszy w portfelu spółek z WIG20, ale jego cena akcji zdaje się być coraz bardziej wymagająca. Nie ominiemy także podsumowania rywalizacji w grze giełdowej „Wakacje na giełdzie”.']",1.0,0.0,1.99
2,2024-08-28,"['Środkowa sesja tygodnia zakończyła się spadkami głównych indeksów na GPW, co kontrastowało ze wzrostami na najważniejszych parkietach europejskich rynków bazowych. Mocno ciążyła słabość złotego, a echem odbijały się szczegóły projektu budżetu państwa.\xa0']",1.0,0.0,2.73
4,2024-08-27,"['Nerwowa sesja na GPW zakończyła się ostatecznie zielonym kolorem dla WIG20, mWIG40 i WIG, dzięki mocnej ostatniej godzinie handlu. Głównym rozdającym były banki, których przecena ciążyła przez większość sesji głównym indeksom. Odrabianie strat w końcówce pozwoliło jednak przy wzrostach innych sektorów zakończyć dzień na plusie.']",0.0,-1.0,0.74
5,2024-08-23,"['Mijający tydzień obfitował w dane makro z polskiej gospodarki, ale też wyniki największych spółek z WIG20. Tempo inwestycyjnej gry nadawane było jednak przez Amerykanów, oczekujących, jak reszta rynków finansowych, na przekaz płynący z dorocznej konferencji bankierów centralnych z Jackson Hole. W podsumowaniu giełdowego tygodnia rozmawiamy z Sobiesławem Kozłowskim z Noble Securities.']",1.0,0.0,1.98
6,2024-08-22,"['Kurs PKO BP rośnie po rozpoczęciu sesji o 2,3 proc., do 57,2 zł. Akcje Cyfrowego Polsatu zyskują 4,5 proc. i kosztują 13,59 zł. Orlen traci 2,5 zł, do 63,31 zł i jest najsłabszą spółką w portfelu WIG20. Indeks blue chipów zyskuje 0,3 proc.']",1.0,-1.0,2.89
7,2024-08-21,"['Po krótkotrwałym cofnięciu indeksy na GPW znów powróciły do wzrostów. Wyraźnie zyskiwał WIG20, a w jego portfelu obicie zaliczyło większość maruderów poprzedniej sesji. Bohaterem sesji okazał się kurs Mercatora, spadającej gwiazdy covidowej hossy.']",1.0,-1.0,0.38
3,2024-08-19,"['Po sierpniowych spadkach nadeszło upragnione przez wielu odreagowanie na rynkach akcji. WIG20 zaliczył najlepszy tydzień od niemal 4 lat. O tym, co może się wydarzyć w tym tygodniu, rozmawiamy w programie ""W samo południe"", a naszym gościem jest Konrad Ryczko z Domu Maklerskiego BOŚ.']",1.0,1.0,2.61
9,2024-08-16,"['Do końca wakacji zostały dwa tygodnie, a w kalendarzu, w pierwszym z nich roi się od różnorodnych wydarzeń i publikacji z kraju i zagranicy. Odczyty PMI, dane m.in. o krajowych wynagrodzeniach, przemyśle i budownictwie, a na dokładkę wyniki gigantów z WIG20. W tle wizyta nad Wisłą premiera Indii oraz sympozjum bankierów centralnych w amerykańskim stanie Wyoming.']",1.0,1.0,1.53
10,2024-08-13,"['Sesja na GPW przyniosła konsolidację głównych indeksów po najmocniejszych od października wzrostach na WIG20 i WIG. Gwiazdą wśród dużych spółek okazał się Alior, ale na szerokim rynku uwagę zwracała euforyczna reakcja na zyski wygenerowane przez Legimi, oferującego cyfrowe książki i audiobooki.']",1.0,-1.0,0.81
11,2024-08-12,"['Po słabszym okresie na GPW wreszcie można mówić o wyraźnym odbiciu, jednak przy mało zadowalających obrotach. Poprawa sentymentu najbardziej była widoczna w przypadku WIG20, w którym wszystkie spółki zaliczyły wyraźne zwyżki z kursem Orlenu na czele. Tak dużych wzrostów na GPW nie było od powyborczej euforii z ubiegłorocznej jesieni.']",0.0,-1.0,1.5
8,2024-08-09,"['Piątek na warszawskiej giełdzie przypominał większość pozostałych sesji z tego tygodniu. Zaczęło się od wzrostów, a skończyło na spadku WIG20. Dużą siłę przez większą część dnia wykazywały akcje banków, po prezentacji wyników oberwał mocno kurs Arctic Paper, a nowa gra obciążyła notowania jednego ze studiów gamingowych.']",1.0,-1.0,1.94
12,2024-08-08,"['Czwartkowa sesja na warszawskiej giełdzie zapowiadała się podobnie jak poprzednie, czyli spadkiem WIG20, który zniżkował mocno przez pierwszą połowę sesji, testując dawno niewidziane opory. GPW pomogli jednak Amerykanie i polskie indeksy wystrzeliły na dwie godziny przed końcem handlu. Wśród spółek szczególną uwagę inwestorów skupiały notowania CD Projekt, Pekao i CCC.']",1.0,-1.0,2.43
14,2024-08-07,"['Gdy giełdy na całym świecie przeżywały mniej lub bardziej zdecydowane odbicie, główny indeks GPW zakończył środę tuż pod kreską, notując piątą spadkową sesję pod rząd. WIG20 okazał się też kolejny raz najsłabszym europejskim indeksem giełdowym. Przeciwnie do spółek wagi ciężkiej, średni i mali gracze mogli zaliczyć ten dzień do udanych.']",0.0,-1.0,-0.05
13,2024-08-06,"['Po bardzo słabym lipcu początek czerwca przyniósł mocną przecenę polskich akcji. Z tej okazji postanowiliśmy sprawdzić, co w takiej sytuacji podpowiadają historyczne wzorce. ']",1.0,1.0,4.76
16,2024-08-05,"['Poniedziałkowa sesja na GPW rozpoczęła się od dotkliwych spadków. WIG20 zniżkował o przeszło 4%, reagując na giełdowy krach w Japonii oraz nasilający się lęk przed recesją w Stanach Zjednoczonych. Druga połowa sesji nie przyniosła poprawy sytuacji.']",1.0,-1.0,0.38
17,2024-08-01,"['Na warszawskiej giełdzie podaż przeważała nad popytem już od początku czwartkowej sesji, ale jej zakończenie przyniosło nieoczekiwane pogłębienie strat na głównych indeksach GPW. Wśród spółek z indeksu WIG20 na plusie czwartkową sesję zakończyły jedynie dwie spółki.']",0.0,0.0,-0.46
18,2024-07-26,"['Piątek na większości dużych giełd był dniem odreagowania po wcześniejszych spadkach. Ale nie na GPW, gdzie WIG20 ponownie znalazł się pod kreską. Lipcowa słabość polskiego parkietu uległa pogłębieniu.']",0.0,-1.0,1.43
15,2024-07-24,"['Giełdowe byki musiały uznać znów przewagę niedźwiedzi na warszawskiej giełdzie. Główne indeksy GPW zakończyły środową sesję pod kreską. Liderem wzrostów były znów akcje Pure Biologics, największym maruderem WIG20 Budimex, a KGHM przerwał (chociaż o włos) trwającą od 7 sesji spadkową passę.']",1.0,0.0,1.39
20,2024-07-22,"['Poniedziałkowa sesja na GPW zakończyła się niewielkim wzrostem indeksów, a jej bohaterami były spółki z branży medycznej. Akcje rekordzisty wystrzeliły o 35%, podczas gdy druga w kolejności zyskała niewiele mniej, bo aż 29%. Indeksowi WIG20 nie pomagały za to notowania KGHM-u.']",1.0,-1.0,1.21
21,2024-07-19,"['Główne indeksy z GPW powróciły do spadków w ostatniej sesji tygodnia, który przyniósł z kolei największą przecenę od września ubiegłego roku. Uwagę zwróciły niesłabnące spadki na KGHM oraz mocna postawa Rafako i kolejnej spółki z branży biotechnologicznej.']",1.0,1.0,1.88
19,2024-07-18,"['Czwartkowa sesja przerwała czarną passę warszawskiej giełdy z ostatnich dwóch dni. Popyt zwyciężył podaż, a indeksy GPW zakończyły handel na ', 'plusie. W WIG20 traciły najmocniej notowania KGHM, którego płynności może zagrozić nowy rządowy pomysł.']",1.0,-1.0,1.4
22,2024-07-17,"['Zaczęła się od wzrostów, a skończyła na spadkach, ale nie tak głębokich jak we wtorek - środowa sesję na warszawskiej giełdzie należała do niedźwiedzi. Czerwień dominowała zwłaszcza w indeksie WIG20. Swój rekord pobiły natomiast notowania spółki, która zniknie z GPW po 25 latach, po wykupieniu przez właściciela Żabki.']",1.0,-1.0,1.38
23,2024-07-17,"['Wyprzedaż na GPW nie ustępuje i zamiast spodziewanego odbicia mamy kontynuację spadków głównych indeksów, z których najmocniej obrywał WIG20. Analitycy podają możliwe przyczyny wyprzedaży na krajowej giełdzie.']",1.0,0.0,-0.39
24,2024-07-16,"['WIG20 zaliczył największy dzienny spadek od blisko dwóch lat. Pod kreską znalazły się walory wszystkich 20 blue chipów. Mocnej przecenie na warszawskiej giełdzie towarzyszyło osłabienie złotego, co wiedzie do tezy o realizacji zysków przez inwestorów zagranicznych.']",1.0,-1.0,1.65
25,2024-07-10,"['Sesja na GPW tym razem zakończyła się spadkami głównych indeksów. Warszawski parkiet odstawał od rynków bazowych, gdzie przeważały wzrosty. Znakomita większość obrotów rynkowych była udziałem WIG20.']",1.0,-1.0,0.39
27,2024-07-04,"['Po zakończonej właśnie pierwszej połowie 2024 roku, można pokusić się o podsumowania z warszawskiej giełdy. Które spółki z indeksu WIG20 dały zarobić w tym czasie najwięcej, a które przyniosły największe straty? ']",0.0,-1.0,0.89
30,2024-06-28,"['Wraz z decyzją akcjonariuszy PKO BP znamy już ostateczną kwotę dywidend wypłacanych w 2024 r. przez największe spółki z GPW notowane w indeksie WIG20. Wartość jest największa w historii i sięga blisko 30 mld zł. Złożyło się na nią kilka ogromnych wypłat, które trafiły od razu na listę największych nominalnych dywidend w historii, gdzie na pierwszym miejscu jest wciąż ta od Orlenu.']",0.0,-1.0,2.29
26,2024-06-27,"['Indeks największych spółek konsoliduje się blisko rekordu hossy, o który może powalczyć jeszcze w tym tygodniu. Na sesji wyróżniły się spółki energetyczne zyskujące dzięki nowym taryfom za prąd. Mocnej przeceny doświadczył popularny serwis VOD notowany na rynku NewConnect.']",1.0,1.0,0.03
28,2024-06-26,"['Mocny początek środowej sesji na GPW pobudził apetyt na wzrosty, który topniał jednak w miarę upływu kolejnych godzin, spychając giełdowe indeksy poniżej startowych pozycji. Wtorkowe spadki odrobił kurs Orange, swoje ostatnie zdobycze oddały notowania banków, a największe wzrosty na fali informacji o CPK odnotowały spółki kolejowe.']",0.0,1.0,0.95
32,2024-06-24,"['Od najmocniejszych wzrostów w Europie reprezentacyjnych indeksów rozpoczął się tydzień na GPW. Powrót w okolice szczytu hossy indeksu największych spółek może sugerować, że spadkowa korekta jest już za nami. W poniedziałek kursy wszystkich blue chipów skończyły sesję na zielono.']",1.0,-1.0,1.33
31,2024-06-21,"['Dopiero ostatnia godzina piątkowej sesji przyniosła trochę emocji na GPW z uwagi na tzw. dzień trzech wiedźm. Jednak przez większość dnia główne indeksy konsolidowały się na ostatnio zdobytych poziomach. WIG20 bez sukcesu próbował w ciągu dnia powalczyć o zamknięcie ponad poziomem 2\xa0500 pkt, niemniej w cały tygodniu zyskał najwięcej od lutego.']",0.0,0.0,2.8
29,2024-06-20,"['Czwartkowa sesja na GPW obfitowała w zwroty akcji. Zaczęła się od silnych wzrostów napędzanych m.in. przez akcje banków, żeby po kilku godzinach giełdowe indeksy rozbłysły na czerwono. Tuż przed końcem sesji sytuacja uległa jednak kolejnej zmianie i WIG20 zakończył ją na niewielkim plusie tuż poniżej 2500 punktów.\xa0']",1.0,0.0,0.4
34,2024-06-19,"['Drożejące akcje banków sprawiły, że WIG i WIG20 zakończyły środową sesję na solidnych plusach. W oczy rzucały się potężne zwyżki notowań spółek ukraińskich. ']",1.0,0.0,-0.72
33,2024-06-18,"['Chociaż przez większość wtorkowego handlu na GPW dominowały wzrosty głównych indeksów, to o wyniku sesji zdecydowała spadkowa końcówka. Skala całodniowych zwyżek została zneutralizowana, czego efektem jest konsolidacja reprezentacyjnego WIG20 i spory niedosyt.']",1.0,0.0,0.56
37,2024-06-17,"['Wytracenie spadkowego impetu na giełdach bazowych starały się wykorzystać indeksy na GPW, wobec czego sesja skończyła się wyraźnymi wzrostami większości indeksów. Popyt był szczególnie widoczny na akcjach spółek z WIG20, których kursy zaliczyły niemal komplet zieleni.']",1.0,-1.0,0.95
35,2024-06-14,['W piątek na GPW zakończył się czwarty z rzędu spadkowy tydzień WIG20 oraz trzeci tydzień przeceny pozostałych głównych indeksów warszawskiej giełdy. Popyt walczył zaciekle z podażą do samego końca sesji i wygrał rzutem na taśmę m.in. za sprawą JSW.'],1.0,0.0,0.92
36,2024-06-14,"['Od dwóch lat na GPW panują raczej dobre nastroje. O Grunwaldzie nikt już nie pamięta, a WIG20 w maju notował poziomy najwyższe od 6 lat. NewConnect popada jednak w zapomnienie - inwestorów ubywa, a NCIndex to tylko cień ""covidowej"" potęgi.']",0.0,0.0,3.06
38,2024-06-13,"['Od majowego szczytu WIG20 stracił już prawie 200 punktów, co przekłada się na ubytek ok. 7%. Jeśli to jest początek korekty, to - bazując\xa0 na sezonowych wzorcach - byłby to dla niej wręcz wymarzony moment.']",0.0,-1.0,3.58
41,2024-06-12,"['Wyraźnymi wzrostami skończyła się sesja na GPW po tym jak inwestorzy zareagowali na dane o inflacji z USA. Statystyka sesji zdradza jednak, że inwestorzy nie zapomnieli nagle o korekcyjnych nastrojach, które ostatnio dominowały na giełdzie.']",1.0,-1.0,-1.15
40,2024-06-11,['Próba kontynuacji odbicia na WIG20 z poniedziałku spełzła na niczym wobec pogarszających się nastrojów na rynkach akcji przed zaplanowanymi na środę wydarzeniami z kalendarza makroekonomicznego.'],1.0,1.0,0.27
39,2024-06-10,"['Do południa zapowiadało się na mocno spadkową sesję na GPW, ale później główne indeksy warszawskiego parkietu zaczęły odrabiać straty. Wśród blue chipów wyróżniały się mocno zwyżkujące walory JSW.']",1.0,-1.0,2.51
43,2024-06-06,"['BNP Paribas BP po sesji 21 czerwca wejdzie w skład indeksów mWIG40 i mWIG40TR, a opuści je Cognor - poinformowała GPW Benchmark w komunikacie prasowym. Korekta indeksów nie przyniosła zmian w WIG20.']",0.0,-1.0,0.3
42,2024-06-06,"['Warszawska giełda zakończyła sesję wzrostami głównych indeksów. WIG20 zyskał 0,7 proc. i znalazł się na poziomie ponad 2.460 pkt. Sentyment dla sektora bankowego lekko poprawił się w porównaniu do porannych notowań i wśród blue chipów spadek zanotował tylko mBank. JSW, ze spadkiem o ok. 5,5 proc., znalazła się wśród najsłabszych spółek na GPW. Zdaniem analityków, w najbliższym czasie rynkom akcji będzie sprzyjało luzowanie polityki pieniężnej na świecie.']",1.0,-1.0,1.88
45,2024-06-05,"['Rejestr krótkiej sprzedaży prowadzony przez KNF pokazuje coraz więcej funduszy posiadających tzw. krótkie pozycje na akcje spółek z GPW. Najwięcej dotyczy tych z WIG20, zarówno od dłuższego czasu będących w trendzie spadkowym, jak i tych w trendzie wzrostowym. Kto, gdzie i po co szuka swoich szans w grze na krótko?']",0.0,0.0,1.01
46,2024-06-04,"['Skala przeceny, która dotknęła we wtorek WIG20, to efekt szerokich spadków większości spółek z portfela, ale w największym stopniu sektora bankowego, który był także pod presją w całej Europie. Statystyki sesji nie pozostawiają wątpliwości, kto rządził na rynku.\xa0 \xa0']",1.0,0.0,1.1
44,2024-06-03,"['Początek tygodnia przyniósł kontynuację odbicia z piątku, przez co sesja zakończyła się wzrostami na wszystkich głównych indeksach GPW. Na WIG20 nie udało się jednak zamknąć sesji ponad poziomem 2500 pkt., który został utracony w zeszłym tygodniu.']",0.0,1.0,1.92
0,2024-05-29,"['W środę na GPW już pierwszej godziny handlu karty rozdawały niedźwiedzie. Trwająca od kilku sesji korekta przedłużyła się o kolejny dzień, indeks WIG20 znalazł się na najniższym poziomie od miesiąca, a spadkom wśród dużych spółek przewodził CD Projekt. ']",0.0,0.0,2.11
4,2024-05-28,"['Sesja na GPW zakończyła się spadkami głównych indeksów, z których najmocniej zniżkował WIG20, gdzie przeceną objęła kursy prawie wszystkich spółek z portfela. Znów sporo uwagi rynku zebrały spółki, które publikowały wyniki.']",0.0,0.0,1.01
3,2024-05-24,"['Piątek 24 maja upłynął pod znakiem spadków na prawie wszystkich giełdowych parkietach świata. Wyjątku nie stanowiła GPW, której indeksy zakończyły w tym dniu czwartą zniżkową sesję z rzędu. Na czerwonym tle pozostałych spółek z WIG20, pozytywnym akcentem były w piątek notowania Pepco, które zyskały 16 proc.']",0.0,0.0,1.19
1,2024-05-24,"['Od półtora roku mamy piękną hossę na warszawskim parkiecie, a giełdowe indeksy* [', '] biją historyczne rekordy. W takich okolicznościach przyrody trudno nie pokusić się o spekulację dotyczącą tak okrągłego poziomu najstarszego indeksu na GPW.']",1.0,0.0,3.08
2,2024-05-23,"['Chociaż czwartkowa zmiana indeksu WIG20 finalnie okazała się niewielka, to z przebiegu sesji wyłania się bardzo ciekawy obraz handlu naznaczony przede wszystkim reakcją inwestorów na wyniki finansowe największych spółek. Indeksy mniejszych za to pokazały chęć do wzrostów.']",1.0,0.0,0.71
5,2024-05-22,"['Kolejny dzień korekty na GPW. Najważniejsze indeksy drugi dzień z rzędu cofnęły się po wyznaczeniu na początku tygodnia nowych historycznych rekordów. Motor napędowy WIG20 z ostatnich sesji, jakim był kurs KGHM, tym razem ciążył najmocniej, podążając za spadkami cen miedzi i srebra.']",0.0,-1.0,2.31
6,2024-05-20,"['Nowe historyczne rekordy na GPW zaliczyły WIG, mWIG40 i sWIG80, a WIG20 znalazł się najwyżej od stycznia 2018 r. W czasie sesji na chwilę znalazł się powyżej poziomu 2600 pkt. Znów na nowy rekord hossy poprowadziły indeks blue chipów państwowe spółki.']",0.0,0.0,2.59
8,2024-05-17,"['To był kolejny tydzień wzrostów na GPW i kolejny dzień bicia rekordów przez warszawskie indeksy. Chociaż piątkowa sesja zaczęła się od zniżek, to presja ze strony kupujących nie pozwoliła nawet na minimalną korektę i na koniec dnia indeksy znów świeciły na zielono. W WIG20 wyróżniały się „państwowe” spółki jak KGHM, JSW i Orlen.']",0.0,1.0,1.82
7,2024-05-16,"['Po mocnym początku czwartkowa sesja na warszawskiej giełdzie zakończyła się wzrostem indeksów niewiele ponad punkt odniesienia. Mimo to padły na nich nowe rekordy. Największa przecena pomimo pokazania świetnych wyników dotknęła akcje dostawcy ""MultiSportów"". Najmocniejszymi spółkami w WIG20 były w czwartek PZU, Dino, KGHM i CD Projekt.']",1.0,1.0,2.82
12,2024-05-13,"['Sprzedaj w maju i odejdź – mówi giełdowe porzekadło, ale póki co przeważają kupujący, bo indeksy biją kolejne rekordy. W poniedziałek najwyżej w historii był mWIG40 i sWIG80. W WIG20 przyspiesza kurs Cyfrowego Polsatu, a najwyżej od kilku miesięcy jest kurs CD Projektu.']",1.0,1.0,1.61
11,2024-05-10,"['Historyczne rekordy poprawiły w piątek WIG i mWIG40, a rekord hossy WIG20. Sesja jednak dla indeksu dużych spółek skończyła się spadkiem pod ciężarem przeceny sektora bankowego. Dalej błyszczała energetyka, gwiazdą sesji został kurs CCC, a gwiazdką Mabionu.']",1.0,-1.0,0.7
9,2024-05-10,"['Spółki z WIG20 przekażą rekordową sumę dywidend akcjonariuszom w 2024 r. Kilka z nich ze swoimi wypłatami trafiło do zestawienia największych nominalnych dywidend w historii GPW. Ważą się losy jeszcze kilku, ale już teraz widać, że suma wypłat przekroczy 20 mld zł i będzie największa w historii. \xa0']",1.0,-1.0,2.32
15,2024-05-09,"['Czwartkowa sesja przyniosła kontynuację wzrost na warszawskim parkiecie. WIG ustanowił nowy rekord wszech czasów, a WIG20 znalazł się najwyżej od stycznia 2018 roku. Pozytywne zaskoczenie nadeszło z sektora energetycznego.']",1.0,1.0,2.1
10,2024-05-08,"['Pomimo słabej pierwszej połowy, środowa sesja na GPW zakończyła się zielenią na indeksach oraz nowym rekordem wszech czasów na WIG20 oraz WIG. W centrum uwagi inwestorów znalazła się rekomendacja ws. akcji KGHM, koszty wakacji kredytowych, które poniesie Alior Bank oraz wyniki Ambry.']",1.0,1.0,1.48
14,2024-05-07,"['Tym razem to indeksy średnich i małych spółek zachowały się lepiej na GPW, a WIG20 skończył dzień na minusie. Nie przeszkodziło to poprawić rekord hossy blue chipom w pierwszej części sesji i historyczny rekord indeksu szerokiego rynku. Najwięcej działo się na spółkach energetycznych, a coraz wyżej jest kurs CD Projektu.']",0.0,0.0,1.55
17,2024-05-06,"['Notowania Warszawskiego Indeksu Giełdowego po raz kolejny poprawiły historyczny szczyt w tym roku. Wzrosty były napędzane głównie przez największe spółki, których indeks WIG20 poprawił rekord hossy przy komplecie zieleni w portfelu.\xa0']",1.0,0.0,-0.06
13,2024-04-30,"['Przed oficjalnym rozpoczęciem długiego weekendu majowego główne indeksy na GPW zaliczyły wyraźne cofnięcie. Dla WIG20 oznacza to tylko tyle, że wraca poniżej 2500 pkt. i przedłuża okres konsolidacji.']",1.0,-1.0,0.34
18,2024-04-29,"['Indeks największych polskich spółek mocno rozpoczął skrócony tydzień handlu, który wypełniony jest po brzegi ważnymi danymi makroekonomicznymi. Może to sposób, aby wreszcie pokonać ważny poziom na wykresie i ruszyć w rejony niewidziane od 16 lat?']",1.0,0.0,1.57
19,2024-04-26,"['Ostatnia sesja tygodnia przyniosła poprawę nastrojów na GPW i odbicie po trzech dniach spadków na WIG20. Tym samym indeksowi udało się zakończyć tydzień na plusie. Szeroki wzrosty spółek portfelowych ominęły jednak JSW, na którego spadki cen gra coraz mocniej kilka funduszy hedgingowych.']",1.0,0.0,2.15
16,2024-04-23,"['Zwyżki akcji banków nie były w stanie zrównoważyć przeceny innych dużych blue chipów, w efekcie czego WIG20 zakończył wtorkową sesję na minusie. Lepiej wypadły spółki średnie oraz szeroki rynek, gdzie WIG ustanowił nowy szczyt hossy.']",0.0,1.0,0.94
20,2024-04-22,"['Na GPW indeksy korzystają z dobrych nastrojów, dzięki czemu WIG20 znów znalazła się w okolicach rekordu hossy, a WIG blisko swoich historycznych rekordów. Wśród największych spółek wyróżniły się notowania detalistów, ale kolejną wzrostową sesję zaliczył także sektor bankowy.']",0.0,-1.0,3.01
22,2024-04-22,"['Europejski potentat inwestycyjny, który w swoim portfelu ma takie marki jak Żabka, Biały Bocian, herbata Lipton i hiszpańska La Liga, zmierza do giełdowego debiutu na parkiecie w Amsterdamie. Jego wycena może sięgnąć nawet 65 mld zł. W WIG20 więcej warte są obecnie tylko dwie spółki - największy polski bank i największy polski koncern paliwowy.']",0.0,-1.0,1.81
21,2024-04-19,"['Mimo słabych porannych nastrojów obciążanych wydarzeniami na Bliskim Wschodzie reprezentacyjny indeks warszawskiego rynku zdołał zaliczyć trzecią wzrostową sesję z rzędu. WIG20 powrócił do wzrostów w ujęciu tygodniowym i zachował się lepiej niż indeksy średnich i małych spółek, które dogania pod względem stopy zwrotu od początku roku.']",1.0,-1.0,0.99
25,2024-04-18,"['Kilkudniowa wymiana ciosów między bykami a niedźwiedziami na GPW trwa. Czwartkowe wzrosty WIG20 sprawiły, że potężnych spadek, jaki miał miejsce na wtorkowej sesji, kiedy GPW świętowała swoje 33. urodziny, został już odrobiony.']",1.0,1.0,0.9
23,2024-04-17,"['Po kilku słabszych sesjach środa przyniosła solidne wzrosty na warszawskim parkiecie. Mocne zwyżki akcji banków, Orlenu i KGHM-u sprawiły, że WIG20 zyskał ponad 1,5%. Wiemy już też, kto był „autorem” wtorkowych spadków na GPW.']",1.0,0.0,2.49
26,2024-04-17,"['Główni akcjonariusze Allegro systematycznie wyprzedają akcje giganta handlu e-commerce. Ze względu na wielkość transakcji proces zawsze ciąży indeksom na GPW. Inwestorzy muszą uzbroić się w cierpliwość, bo fundusze kontrolujące spółkę mają jeszcze setki milionów akcji, które mogą sprzedać. Na Allegro zarobili już miliardy złotych, a mogą jeszcze więcej.']",1.0,0.0,0.16
24,2024-04-16,"['Wtorkowa sesja na GPW, przypadająca na 33. rocznicę jej otwarcia, upłynęła pod znakiem głębszej korekty. WIG20 był tego dnia najsłabszym giełdowym indeksem w Europie, chociaż chmurne nastroje towarzyszyły inwestorom na całym świecie. Ich uwaga koncentrowała się na Bliskim Wschodzie.']",1.0,-1.0,1.92
30,2024-04-15,"['Giełdowy tydzień rozpoczął się niewielkimi zmianami głównych indeksów na GPW. Inwestorzy zachowują czujność w obliczu rosnącego napięcia na Bliskim Wschodzie, chociaż rynki bazowe odważnie powędrowały do góry. Gwiazdą sesji został kurs CCC, dzięki rekomendacji.']",1.0,-1.0,1.08
29,2024-04-12,"['Ostatnia sesja tygodnia, w którym utrzymywał się względny remis popytu i podaży, przechyliła szalę na korzyść niedźwiedzi. Spadki głównych indeksów wpisały się w słabszą postawę benchmarków giełd bazowych i były pod wpływem słabości złotego, zwłaszcza do mocno drożejącego dolara.']",1.0,-1.0,2.61
31,2024-04-11,"['Naprzemienne wzrosty i spadki w tym tygodniu utrzymują WIG20 w konsolidacji pod psychologicznym poziomem 2500 pkt. \xa0Przy dość obszernym kalendarzu makro indeksy zaliczyły tym razem spadki. WIG20 pociągnęły w dół banki, przerywający serię wzrostów kurs KGHM-u, JSW i Orlen, którego odpisy w wyniku za 2023 r. sięgają już 15 mld zł.']",1.0,0.0,0.99
27,2024-04-09,['Dobrze zapowiadająca się sesja na GPW została stłamszona przez słabe otwarcie na Wall Street. Wcześniej drożejące akcje KGHM i innych spółek wydobywczych wywindowały WIG i WIG20 na nowe szczyty hossy.'],1.0,1.0,1.88
32,2024-04-09,"['Kurs akcji KGHM po otwarciu wtorkowej sesji rośnie o 4,6 proc., do ok. 135 zł. W tym czasie WIG20 zyskuje 0,3 proc.']",1.0,-1.0,5.05
28,2024-04-08,"['8 kwietnia kluczowe indeksy GPW ustanowiły nowe rekordy, a warszawski parkiet był najmocniejszą giełdą w Europie. Projekt nowej ustawy zakładającej dopłaty do kredytów mieszkaniowych podbił notowania spółek budowlanych. Nowy szczyt wyznaczyły akcje PZU.']",0.0,1.0,1.04
34,2024-04-05,"['Do południa zakończenie piątkowej sesji zapowiadało się znacznie gorzej niż jej ostateczny wynik, ale i tak nie była ona udana dla większości spółek z GPW. Warszawski parkiet nie wyróżniał się pod tym względem na tle większości światowych rynków.\xa0WIG20 zazielenił się w ostatnich minutach dzisiejszej sesji.']",1.0,-1.0,-0.25
33,2024-04-04,"['Sesja na GPW skończyła się wyraźnym wzrostem indeksu największych polskich spółek, w którym szczególnie wyróżniały się walory KGHM-u. Bez zaskoczenia okazała się decyzja RPP w sprawie stóp procentowych, ale umocnienie złotego po niej sprzyjało giełdowym bykom.']",1.0,-1.0,1.65
35,2024-04-03,"['Druga giełdowa sesja po wielkanocnej przerwie skończyła się tak samo jak poprzednia - spadkami głównych indeksów warszawskiej giełdy. WIG20 szczególnie ciążyły notowania Dino oraz Kruka. Spółką, której akcje zyskały dziś najwięcej na GPW, było Gobarto.']",1.0,-1.0,1.29
37,2024-03-28,"['Na zakończenie tygodnia, miesiąca i kwartału GPW wyróżniła się soczystą zielenią, zwłaszcza na WIG20, który zaliczył trzecią wzrostową sesję z rzędu i po raz drugi w tym tygodniu okazał się najmocniejszym indeksem dnia w Unii Europejskiej.']",1.0,1.0,2.35
36,2024-03-26,"['Sesja we wtorek przebiegła pod dyktando byków, zwłaszcza na WIG20, gdzie wzrosły ceny akcji prawie wszystkich spółek w portfelu. Wyłamał się tylko kurs CD Projektu, ale większą uwagę zwracało odbicie na Cyfrowym Polsacie, który oddala się od historycznych minimów.']",1.0,0.0,2.02
38,2024-03-25,"['Po piątkowej spadkowej sesji poniedziałek przyniósł kontynuację przeceny indeksu polskich blue chipów, wśród których skalą zniżki cen akcji wyróżniły się trzy spółki. Wyścig o miano lidera spadków w portfelu trwał do samego końca handlu.']",1.0,1.0,0.73
39,2024-03-22,['Piątkowa sesja na GPW została zdominowana przez wyniki Dino. Akcje spółki zanurkowały i pociągnęły za sobą cały indeks WIG20. Po drugiej stronie rynkowej huśtawki znalazły się notowania Budimexu.'],1.0,1.0,3.31
42,2024-03-19,"['Reprezentacyjny indeks GPW spadał w ciągu dnia nawet o ponad 2 proc., ale końcówka sesji przyniosła znaczną redukcję zniżek. Najwięcej zależało od postawy sektora bankowego, Orlenu i oczywiście LPP na walorach, którego, mimo spadku zmienności, wciąż handlowano najwięcej. \xa0']",0.0,0.0,-0.13
40,2024-03-18,"['Poniedziałkowy handel na GPW dalej były skupiony przede wszystkim na notowaniach cen akcji LPP, które zaliczyły dwucyfrowe odbicie, zgarniając połowę obrotów w WIG20. Wystarczyło to na utrzymanie WIG20 w równowadze, bo większość spółek z portfela zaliczyła przecenę.']",0.0,0.0,-1.54
41,2024-03-15,"['To już trzeci tydzień z rzędu spadków WIG20. Chociaż jeszcze w czwartek indeks był na 2,5-procentowym plusie to sztorm na akcjach LPP po raporcie Hindenburg Research przełożył się na wymazanie całości wzrostów i przedłużył fatalną serię reprezentacyjnego indeksu polskiej giełdy. Na uwagę zasługują obroty w czasie sesji, które były rekordowe.\xa0']",1.0,-1.0,-0.1
44,2024-03-13,"['Słabsza sesja największych banków i podaż na Dino oraz Allegro przełożyła się na spadek WIG20 w czasie środowej sesji. Indeksy niższych segmentów rynku próbowały piąć się w górę\xa0 i zakończyły handel na podobnych plusach. Wyróżnił się wzrostami cen akcji i obrotem KGHM, ale gwiazdą sesji został dawny GetBack.']",1.0,-1.0,1.32
43,2024-03-12,"['Kolejne wyższe od prognoz dane o inflacji w USA tym razem zostały zignorowane, a europejskie i amerykańskie indeksy akcyjne, mimo presji ze strony dolara i wzrostu rentowności obligacji, poszły wyraźnie w górę. Wpisała się w to także GPW, na której WIG20 zaliczył najlepszą sesję od 1 grudnia 2023 r.']",1.0,1.0,1.92
49,2024-03-11,"['Największe polskie banki oraz kurs CD Projektu były w poniedziałek liderami wzrostów w WIG20, który zyskał drugi dzień z rzędu. Uwagę zwracał kurs Budimeksu, który ciążył indeksowi średnich spółek. Kilka rekomendacji i wyników zachowało kursami popularnych spółek.\xa0']",0.0,-1.0,1.5
46,2024-03-11,['Notowania cen akcji największego polskiego producenta gier zyskały najwięcej w czasie poniedziałkowej sesji ze wszystkich spółek WIG20. Kurs CD Projektu w tym roku jeszcze tak wysoko nie był.'],0.0,-1.0,3.99
47,2024-03-08,"['To już drugi tydzień korekty na warszawskim parkiecie. Flagowy indeks GPW pogłębił w nim spadki i licząc od początku roku, jest już notowany blisko neutralnego poziomu. Piątek skończył się jednak na plusie. Gwiazdą sesji została spółka Leszka Czarneckiego, która chce wypłacić ogromną dywidendę.']",1.0,0.0,1.17
45,2024-03-08,"['- Nie wychodzimy z WIG20 (zresztą już po raz  drugi) dlatego, że się dzieje źle, ale z powodów  matematyczno-technicznych. Indeks WIG20 to indeks nie tylko największych  firm, ale i najbardziej płynnych. Płynność innych firm jest teraz  większa. Ale nie mówimy ostatniego słowa - tłumaczy Artur Wiza,  wiceprezes Asseco Poland. Ale wrócimy! - dodaje.']",0.0,-1.0,4.74
48,2024-03-07,"['Czwartkowa sesja na GPW upłynęła pod znakiem spadków. Największe straty notował indeks blue chipów warszawskiej giełdy, lepiej radziły sobie małe spółki, a średnie rzutem na taśmę zdołały zakończyć dzień tuż nad punktem odniesienia. Najgorszy dzień ma za sobą Dino, którego notowania pociągnęły w dół wyniki Biedronki. Liderem WIG20 był KGHM, który powitał wczoraj nowego prezesa. ']",0.0,0.0,1.4
52,2024-03-06,"['Spokojna sesja zakończyła się zwyżkami głównych indeksów na GPW. Rosły także wyceny na rynkach zewnętrznych, które bez większych emocji podeszły do przemówienia szefa Fedu. Z kolei decyzja RPP i jej komunikat także zostały odebrane neutralnie przez krajowych inwestorów.']",0.0,0.0,1.36
51,2024-03-05,"['Wyniki wtorkowej sesji na GPW były bardziej mieszane niż dzień wcześniej, chociaż podaż dalej ściąga w dół WIG20, pogłębiając korektę. Średnie i małe spółki wciąż przy minimalnych zmianach ich indeksów konsolidują się nieco poniżej historycznego szczytu. Na GPW obserwowany jest kolejny spekulacyjny rajd kursu spółki, która na razie nie ma nic do zaoferowania potencjalnym klientom.\xa0']",0.0,-1.0,1.03
50,2024-03-01,"['GPW skończyła tydzień na niewielkich plusach, nie zmienia to faktu, że większość indeksów od poniedziałku zaliczyła korektę. W piątek zrealizowano scenariusz z czwartku, czyli z próbą porannych wzrostów i słabością przez resztę dnia, szczególnie widoczną na WIG20.']",1.0,-1.0,1.31
54,2024-02-29,"['Budimex zastąpi Asseco Poland w indeksie WIG20 po sesji 15 marca 2023 r. Do indeksu WIG30 wejdzie Benefit Systems, a zastąpi Bogdankę - poinformowała GPW Benchmark w komunikacie.']",0.0,-1.0,1.0
53,2024-02-29,"['Czwartek przyniósł na GPW próbę skontrowania podaży, która od początku tygodnia stara się zainicjować korektę na warszawskim parkiecie. Na WIG20 nie można mówić o sukcesie tej kontry, mimo że indeks zakończył dzień na plusie.']",1.0,1.0,1.83
55,2024-02-28,['Korekta dynamicznych wzrostów z ubiegłego tygodnia przybrała na sile. Mocna przecena kilku spółek z WIG20 doprowadziła do największej zniżki indeksu od 13 lutego. Główne indeksy z GPW były w środę najsłabsze w porównaniu do indeksów europejskich giełd bazowych.'],1.0,1.0,1.34
57,2024-02-27,"['Niewielkie zmiany i słabsza postawa GPW względem giełd bazowych to wynik wtorkowej sesji. Notowania WIG20 próbowały w dynamicznym rajdzie ustanowić nowy szczyt hossy, ale szarża z wykorzystaniem „ciężkiego” sektora bankowego nie udała się.']",1.0,0.0,1.3
56,2024-02-26,"['Bez większych fajerwerków rozpoczął się nowy tydzień na GPW. O ile w piątek wszystkie główne indeksy poprawiły możliwe do osiągniecia szczyty, o tyle w poniedziałek podnieść poprzeczkę udało się na mWIG40 i sWIG80. Słabszy tym razem WIG20, a co za tym idzie WIG, konsolidowały się poniżej ostatnich rekordów.']",1.0,-1.0,2.51
60,2024-02-23,"['W mijającym tygodniu WIG i sWIG80 codziennie poprawiały historyczne szczyty, mWIG40 zrobił to na czterech z pięciu sesji, a WIG20 każdego dnia śrubował rekord hossy, która zaprowadziła go już na poziom, gdzie ostatni raz był w lutym 2018 r.']",0.0,1.0,2.11
59,2024-02-21,"['Zanosiło się na WIG20 na podobną sesję jak w poprzednich dniach. Mocne szarpniecie w górę i nowe rekordy. Tym razem jednak finał sesji wypadła pod kreską, a po nowych szczytach wszystkie indeksy zaczęły mocno tracić. Spadki można odczytywać jako realizacja części zysków w potencjalnie ważnym dniu na rynkach.\xa0 ']",1.0,0.0,3.47
61,2024-02-20,"['Obserwowany od południa wyraźny popyt na akcje banków z GPW pomógł przede wszystkim pokonać na WIG20 psychologiczny poziom 2400 pkt. Pozostałe główne indeksy śrubują kolejny dzień z rzędu swoje historyczne szczyty. Trudno jednak doszukiwać się powodów nagłego skokowego wzrostu, bo na rynku nagle nie znalazły się nowe przełomowe informacje, chociaż wywiad ministra finansów wydaje się najlepszym tropem.\xa0']",0.0,1.0,1.8
62,2024-02-19,"['Wzrostowy początek tygodnia na GPW przyniósł poprawienie historycznych szczytów przez WIG, mWIG40 i sWIG80 oraz nowy rekord hossy na WIG20. Parkiet w Warszawie okazał się mocniejszy od giełd bazowych, gdzie na indeksach poniedziałkowa sesja miała bardziej mieszany przebieg. \xa0']",1.0,1.0,3.79
58,2024-02-19,"['Biuro maklerskie mBanku szacuje, że w wyniku kwartalnej rewizji indeksów w marcu do indeksu WIG20 dołączy Budimex, a opuści go Asseco Poland - napisał w raporcie analityk BM mBanku Piotr Poniatowski.']",0.0,1.0,0.3
64,2024-02-16,"['Koniec tygodnia przyniósł garść nowych rekordów w Europie i na GPW. WIG20 poprawił szczyt obecnej hossy, a jego zwyżka od dna bessy zbliża się do 80 proc. Nowy historyczny rekord poprawił WIG, którego notowania zaliczyły także najwyższe tygodniowe zamknięcie. Pierwszy raz powyżej 80 tys. pkt.']",1.0,1.0,2.94
65,2024-02-16,['Indeks blue chipów warszawskiej giełdy osiągnął najwyższy wynik hossy zapoczątkowanej w październiku 2022 roku. Na zielono świecą się dziś wszystkie główne oraz branżowe indeksy GPW. Rekordy padły też na innych europejskich giełdach.'],1.0,0.0,3.1
63,2024-02-14,"['Gdyby jedno słowo miało określić, co w tym tygodniu dzieje się na rynkach, byłoby to słowo „zmienność”. W poniedziałek spore wzrosty, we wtorek jeszcze większe spadki, a w środę na powrót śmiałe wzrosty, jednak przy niskich obrotach. W efekcie mimo dużej zmienności WIG20 w zasadzie stoi w miejscu.']",1.0,0.0,3.49
67,2024-02-13,"['Mocna wyprzedaż na giełdach po danych o inflacji w USA nie ominęła GPW. Indeksy zanurkowały - wszystkie główne i branżowe indeksy skończyły na czerwono. Scenariusz rozegrania podwójnego szczytu na WIG20 znów jest w grze, a kilka spółek z portfela odznaczyło się we wtorek wyraźną przeceną.']",1.0,-1.0,1.44
66,2024-02-12,"['Dopiero końcówka poniedziałkowej sesji przyniosła nieco ożywienia w handlu na GPW za sprawą przebudzenia popytu na WIG20. Kursy wszystkich dużych spółek zaliczyły wzrosty, chociaż za kupującymi nie stały jeszcze zbyt duże obroty. Kontynuacja zwyżek może oznaczać kłopoty dla funduszy, które oficjalnie obstawiają spadki coraz większej liczby spółek z WIG20 – wynika z najnowszej aktualizacji rejestru krótkiej sprzedaży.']",0.0,-1.0,0.34
68,2024-02-08,"['Sesja na GPW skończyła się ponad 1-procentowym obsunięciem WIG20 przy mniejszych zmianach indeksów pozostałych segmentów rynku. Największym obciążeniem dla indeksu blue chips okazał się sektor bankowy, któremu nie pomogła nawet zapowiedź prezesa NBP nt. możliwego utrzymania stóp procentowych na obecnym poziomie do końca roku.']",1.0,0.0,1.92
69,2024-02-07,"['Sesja na GPW w dniu ogłoszenia decyzji w sprawie stóp procentach odznaczyła się niewielkimi zmianami głównych indeksów. Marazm panował w WIG20, gdzie większość kursów spółek zaliczyła kosmetyczne zmiany. Rekord wszech czasów poprawił rano sWIG80, ale przez resztę dnia tylko się cofał.']",0.0,-1.0,0.92
70,2024-02-02,"['Główne indeksy na GPW nie zatrzymują się i kończą najlepszy tydzień pod względem skali wzrostów od początku hossy w 2022 r. O ile w poprzednich dniach rynek wspierał mocny złoty, o tyle w piątek indeksy zyskały, mimo jego słabości. Wzrosty byłyby jeszcze większe, gdyby nie jastrzębie dane z USA.']",0.0,0.0,3.03
71,2024-01-31,"['Wzrosty na GPW głównych indeksów były na tyle wysokie, że w porównaniu z mieszaną sesją na rynkach bazowych, WIG20 okazał się najmocniejszym benchmarkiem w Europie Gwiazdą sesji okazał się kurs XTB, który wystrzelił po wynikach, podnosząc kapitalizację spółki na tyle, by przeskoczyć pod tym względem m.in. JSW z WIG20. \xa0\xa0\xa0']",0.0,-1.0,1.62
73,2024-01-29,"['W rozmowie z Bankier.pl prezes jedynego dostawcy polskich funduszy ETF mówi m.in. o nowych produktach, „kurze znoszącej złote jajka”, oczekiwaniach wobec nowego rządu i biznesowej rakiecie, startującej w sWIG80, która dolatuje do WIG20 i ... może tam napotkać problemy.']",1.0,0.0,2.74
72,2024-01-26,"['Piątkowe wzrosty na GPW pozwoliły przerwać serię tygodniowych spadków głównych indeksów, co jeszcze w czwartek nie było tak oczywiste. Z najnowszej aktualizacji rejestru krótkiej sprzedaży wynika, że fundusze zmniejszyły swoje pozycje na dwóch popularnych spółkach z WIG20.']",0.0,0.0,0.17
74,2024-01-24,"['Indeksy na GPW skorzystały z dobrych nastojów na rynkach bazowych i skończyły dzień w większości na plusach. Wygranymi sesji były spółki górnicze, liderujące w skali wzrostów w kolejnych segmentach. Był to pierwszy dzień notowań bez zaliczki na poczet dywidendy od PKO BP, co sprzyjało indeksom dochodowym, w których notowane są akcje banku.']",0.0,-1.0,1.6
76,2024-01-23,"['Tym razem pod kreską skończyły sesję główne indeksy z GPW. Presję podaży wzmacniało umocnienie dolara, wobec czego większość akcji spółek z WIG20, najchętniej handlowanych przez zagranicę, zanotowała spadki. We wzrostach wyróżnił się kurs JSW reagujący na nową pozytywną rekomendację. Dane z rejestru ""krótkich"" pokazały zmniejszenie pozycji na akcjach CD Projektu.']",1.0,0.0,1.65
75,2024-01-22,"['Sesja na GPW nie przyniosła większych zmian na głównych indeksach, ale sporo się działo na pojedynczych spółkach. Z uwagą śledzony w ostatnich dniach rejestr krótkiej sprzedaży pokazał, że fundusze grają na spadki już trzech spółek z branży detalicznej wchodzących w skład WIG20.']",0.0,-1.0,0.43
77,2024-01-20,['W rejestrze krótkiej sprzedaży prowadzonej przez Komisję Nadzoru Finansowego pojawiły się nowe krótkie pozycje na akcjach spółek z WIG20.'],0.0,0.0,0.36
80,2024-01-18,"['W czwartek indeksy na GPW odbijały po spadkowej serii liczonej od początku tygodnia. Inwestorzy podążyli za rynkami bazowymi, które także szukały wzrostów. Interesująca wydaje się aktywność zagranicznych funduszy grających na spadki spółek z WIG20, które w bieżącym tygodniu codziennie zwiększają pozycję, zwłaszcza na CD Projekt.']",0.0,1.0,0.49
81,2024-01-17,['Czwartkowa sesja przyniosła wyraźną przecenę na warszawskim parkiecie. Indeksy zniżkowały w nawiązaniu do słabego sentymentu na giełdach bazowych związanego z redukcją wycen obniżek stóp procentowych przez banki centralne.'],1.0,-1.0,-1.07
78,2024-01-16,"['Słabsza postawa złotego i kolejny dzień spadków na GPW, które jednak wyhamowały impet z poniedziałku. WIG20 kontynuuje najgorszy start roku od 8 lat. Fundusze zwiększają pozycje w grze na spadki cen akcji CD Projektu – wynika z dwóch ostatnich aktualizacji rejestru KNF.']",0.0,0.0,2.85
79,2024-01-16,"['Z okazji zakończenia okrągłej, 10. sesji Anno Domini 2024 postanowiliśmy sprawdzić, z jaką skutecznością z pierwszych sesji stycznia można wywróżyć całoroczną stopę zwrotu z WIG20. Wnioski są poniekąd zastanawiające.']",0.0,0.0,2.2
84,2024-01-12,"['Chociaż sesja skończyła się niewielkimi zmianami, przyniosła sporo emocji za sprawą walki do samego końca o utrzymanie wzrostów na głównych indeksach, zwłaszcza na WIG20. Próba odbicia się nie udała, ale trzeba wziąć poprawkę na ogromną podaż na akcjach Dino.']",1.0,1.0,1.65
83,2024-01-12,['Kurs Dino Polska zareagował przeceną na wnioski płynące z raportu wynikowego największego konkurenta - Jeronimo Martins. Inwestorów zaniepokoił szczególnie jeden wskaźnik dotyczący sklepów Biedronka.\xa0'],0.0,-1.0,0.79
82,2024-01-11,"['Wzrost dywidend dla spółek z indeksu WIG20 wyniesie  ok. 50% w stosunku do roku 2023, do czego w największym stopniu  przyczyni się sektor finansowy, prognozują analitycy Santander  Towarzystwo Funduszy Inwestycyjnych (TFI). Według nich w tym roku polski  rynek akcji dalej powinien wyróżniać się pozytywnie na tle rynków  zagranicznych. ']",1.0,0.0,1.05
86,2024-01-10,"['Mieszana sesja na GPW skończyła się niewielkimi przesunięciami głównych indeksów. Pozwoliło to i tak sWIG80 poprawić historyczny szczyt z pierwszej sesji nowego roku. Najsłabszy okazał WIG20, w którym wzrosty podtrzymały tylko spółki handlowe, co jednak nie wystarczyło, by oprzeć się podaży na akcjach pozostałych spółek.']",0.0,1.0,0.57
85,2024-01-09,"['We wtorek zniżki na giełdach w Europie i USA, a na GPW zielono. Wzrosty objęły wszystkie główne i większość branżowych indeksów na polskim parkiecie. Najważniejszy indeks krajowej giełdy poszedł do góry, mimo spadków większości portfelowych banków. Zdecydowała jednak postawa największego z nich i popyty na spółki handlowe.']",0.0,-1.0,3.25
87,2024-01-08,"['To dopiero pierwsza sesja WIG20 w nowym roku zakończona na plusie. Zanim indeks odbił w górę, jeszcze rano wyraźnie spadał w okolice piątkowego kilkutygodniowego dołka. Kontrę popytu wyprowadziły niezawodne banki, ale także i rynki bazowe szukały w poniedziałek zwyżek.']",1.0,0.0,0.96
89,2024-01-05,"['Koniec tygodnia przyniósł emocjonującą sesję, w największym stopniu zależną od danych makroekonomicznych z USA. Podaż ściągnęła WIG20 najniżej od przeszło miesiąca, ale kontra popytu pozwoliła zaliczyć ponad dwuprocentowe odbicie w ciągu dnia. Ostatecznie giełdowy tydzień na GPW był dla większości indeksów najsłabszy od września ubiegłego roku.']",0.0,0.0,1.58
88,2024-01-04,"['Indeks największych spółek na GPW nadal znajduje się pod presją podaży, ale w niższych segmentach rynku czwartek przyniósł niewielki wzrost i kosmetyczne zmiany. Najwięcej rynkowej uwagi zbierała branża deweloperów wraz z ogłoszonym zarysem programu „Mieszkanie na start”.']",0.0,-1.0,0.39
90,2024-01-03,"['Druga giełdowa sesja w roku i drugi raz czerwono na indeksach warszawskiego parkietu. Nie inaczej przedstawiała się sytuacja na rynkach bazowych, gdzie po mieszanej wtorkowej sesji w środę już dominowały spadki i wyraźne cofnięcia. Rynki akcji odczuwają presję ze strony rosnących rentowności amerykańskich obligacji.']",1.0,1.0,1.78
92,2023-12-28,"['Tym razem sesja na GPW toczyła się już w typowym zwolnionym tempie, charakterystycznym dla końcówki roku. Obroty wyraźnie spadły, a zmiany indeksów były minimalne. Mimo to dzień przyniósł nowe rekordy na WIG i sWIG80 oraz nowy szczyt hossy na WIG20, który po jego wyznaczaniu, znów cię cofnął i skończył notowany pod kreską.']",1.0,0.0,-0.45
91,2023-12-27,"['Hossa na GPW trwa i nawet długa świąteczna przerwa nie ostudziła nastrojów i nie zmniejszyła apetytu inwestorów na akcje największych polskich spółek. W środę historyczny rekord zdołał poprawić sWIG80. Najwięcej jednak zyskał właśnie WIG20. Na akcjach JSW nowa aktualizacja rejestru krótkiej sprzedaży KNF-u przyniosła interesujące informacje. Warto zauważyć, że była to ostatnia sesja, której zaksięgowane zyski i straty będą liczyły się w zeznaniu podatkowym za 2024 rok.']",1.0,0.0,0.72
93,2023-12-21,"['Zmiany na akcyjnych indeksach znów były kosmetyczne, a przez dywidendę Santandera to WIG okazał się w czwartek najlepszy. Pomimo porannych spadków, indeksy zdołały odrobić większość cofnięcia i na koniec sesji w niektórych przypadkach nawet wyjść na plus.']",0.0,0.0,1.49
94,2023-12-19,"['Przewagą wzrostów głównych indeksów zakończyła się kolejna sesja na warszawskim parkiecie. Nowe historyczne szczyty poprawiły WIG i mWIG40, a WIG20 był najwyżej od 17 stycznia 2022 r., powiększając tym samym wzrost od dna zeszłorocznej bessy do 77 proc. Spadkami wyróżniła się spółka, której akcjonariusze sprzedali część akcji w procesie budowy przyspieszonej księgi popytu (ABB).\xa0\xa0']",1.0,1.0,0.3
96,2023-12-18,"['Poniedziałek upłynął na podtrzymaniu dobrych nastrojów na GPW. Indeksy w większości kierowały się w stronę piątkowych rekordów, z których zostały zawrócone w ostatniej godzinie sesji trzech wiedźm. Najmocniejszy w poniedziałek na GPW był sektor bankowy, a akcje największych kredytodawców zyskały najwięcej w WIG20.']",0.0,-1.0,3.08
95,2023-12-15,"['W czasie sesji na najwyższych poziomach w historii warszawskiej giełdy zameldowały się solidarnie WIG, mWIG40 i sWIG80. W dodatku WIG20 poprawił rekord hossy. Indeksy w czasie piątkowego handlu wyraźnie zyskiwały, by jednak w finale oddać większość wzrostów przez tzw. dzień trzech wiedźm.\xa0']",1.0,-1.0,0.64
97,2023-12-08,"['Koniec tygodnia miał być podporządkowany danym z amerykańskiego rynku pracy, ale gdy okazały nie po myśli inwestorów, skupiono się na mniej istotnych oczekiwaniach inflacyjnych, których odczyt grał po stronie byków. Indeksy zatem kontynuowały marsz w górę, a na GPW o włos od historycznego szczytu znalazły się indeksy średnich i małych spółek. Gwiazdą WIG20 okazał się kurs JSW.']",0.0,0.0,1.63
99,2023-12-07,"['Wycofany popyt na GPW pozwolił sprzedającym przecenić WIG20 najmocniej od blisko miesiąca. Rekordy z poprzednich dni na indeksach doczekały się wreszcie zauważalnej realizacji zysków, chociaż i tak rozstrzygać o kierunku na najbliższy czas będzie reakcja rynków w finale tygodnia na dane z USA.']",1.0,0.0,0.33
101,2023-12-06,"['W dniu decyzji RPP w sprawie stóp procentowych WIG wyśrubował swój historyczny szczyt, a nowy szczyt hossy wyznaczył WIG20. Decyzja była jednak spodziewana, a wzrosty indeksów były pochodną sentymentu na rynku, na którym DAX wyznaczył nowy szczyt, a dane z amerykańskiego rynku pracy wpisały się w narrację o braku podwyżek i oczekiwane obniżki stóp. Do historycznego szczytu z 2014 r. zbliżył się kurs PZU, a nerwowo było w handlu akcjami Newagu.\xa0']",0.0,1.0,2.7
98,2023-12-05,"['Sesja skończyła kolejnym biciem rekordów na WIG i WIG-Banki oraz najwyższym poziomem WIG20 od stycznia 2022 r. i jednoczesnym przekroczeniem psychologicznego poziomu, za którym jawi się szczyt covidowej hossy. We wtorek wyróżniły się kursy akcji największych spółek handlowych.']",1.0,-1.0,1.82
100,2023-12-04,"['Konsolidacja na WIG20 i dalszy marsz w górę średnich i małych spółek to najogólniejszy obraz poniedziałkowej sesji na GPW. W szczegółach rzucało się w oczy ożywienie na akcjach spółek biotechnologicznych. Sporo działo się kontekście CD Projektu, wobec którego pojawiła się aktualizacja rekomendacji, a fundusz zmniejszył pozycję krótką. Znów echem pobrzmiewały słowa polityków o spółkach Skarbu Państwa.\xa0']",1.0,0.0,1.43
102,2023-12-01,"['W wybornych nastrojach inwestujący na GPW zaczęli nowy miesiąc. Pierwsza sesja grudnia przyniosła wysyp rekordów na kilku indeksach, w tym przede wszystkim nowy szczyt wszech czasów na WIG. Kursy wszystkich spółek z WIG20 świeciły na zielono, a giełdowy wózek najmocniej ciągnęły w górę banki, górnictwo, paliwa, energetyka i branża odzieżowa.\xa0']",1.0,1.0,2.32
103,2023-11-27,"['Na GPW w poniedziałek dominowały spadki, wpisujące się w cofnęcie na rynkach bazowych. WIG20 znalazł się na zamknięciu najniżej od dwóch tygodni. Notowaniom indeksów największych spółek oraz szerokiego rynku ciążyły akcje banków. Po przeciwnej stronie był natomiast sektor energetyczny, zyskujący przy napływie pozytywnych informacji. Znów pozycję krótką na akcjach JSW powiększył brytyjski fundusz hedgingowy.']",0.0,1.0,1.27
105,2023-11-22,"['Jak się okazuje na podstawie danych obliczanych przez GPW Benchmark, najlepszą stopę zwrotu z tytułu wypłaconych dywidend ma w tym roku indeks małych spółek. Wyraźnie lepiej niż w ostatnich latach zaczął płacić też WIG20. Natomiast ostatniego słowa nie powiedział jeszcze mWIG40, z którego spółek akcjonariusze dostaną jeszcze kilka dywidend.']",1.0,-1.0,1.49
106,2023-11-20,"['Podczas poniedziałkowej sesji WIG osiągnął nowy rekord wszech czasów, a WIG20 poprawił najwyższy wynik tegorocznej hossy. Wśród czołówki warszawskiej giełdy prym wiodły akcje Pepco, którym pomógł komunikat głównego akcjonariusza, a najwięcej traciły notowania LPP.']",1.0,1.0,1.71
104,2023-11-16,"['Rozmówcą Bankiera jest Wojciech Kowalczyk, prezes Boryszewa, spółki dostarczającej komponenty dla branży motoryzacyjnej oraz lider w branży stalowej. Przy okazji raportu wynikowego publikujemy wywiad, w którym pytamy o dywidendę, aspirację dotyczące WIG20 i kondycję rynku.']",1.0,1.0,-0.16
108,2023-11-15,"['W środę na GPW bykom sił starczyło na poprawienie szczytu hossy na WIG20 i WIG, ale nie udało się sesji zakończyć wyżej niż dzień wcześniej. Indeks szerokiego rynku znalazł się „milimetr” od rekordu wszech czasów i trudno przypuszczać, żeby go wkrótce nie pobił.']",0.0,0.0,3.0
109,2023-11-14,"['Wtorkowy handel skończył się ustanowieniem nowego historycznego szczytu WIG-Banki oraz poprawieniem rekordu hossy na WIG i WIG20. Popyt na akcje polskich spółek nie ograniczał się tylko do banków, bo wzrosty objęły wszystkie największe spółki. Paliwa do wzrostów dolały dane o inflacji z USA.']",1.0,-1.0,2.5
107,2023-11-13,['Poniedziałkowa sesja to przede wszystkim zgaszona w końcówce sesji bardzo dobra postawa sektora bankowego. Emocje znów budził gaming przez kolejny fatalny debiut na NewConnect i ponad roczne minima jednego z liderów branży.'],0.0,1.0,0.05
113,2023-11-10,['Po czterech tygodniach nieprzerwanych wzrostów WIG20 kończy tydzień wyraźnym cofnięciem. W piątek pod kreską były wszystkie główne i prawie wszystkie branżowe indeksy. Kontynuacja korekcyjnych spadków z poprzednich dni to efekt pogorszenia nastrojów na rynkach akcji.'],0.0,1.0,1.97
112,2023-11-09,"['Przekaz płynący z ust prezesa NBP Adama Glapińskiego był dla inwestorów wskazaniem, że stopy procentowe nie ulegną zmianie co najmniej do następnej projekcji inflacyjnej w marcu przyszłego roku. Jastrzębi w swojej wymowie wydźwięk konferencji zaprowadził indeks banków na nowych historyczny szczyt i wspomógł notowania zwłaszcza WIG20. Echem na rynku odbiły się liczne raporty wynikowe.']",0.0,0.0,-0.13
111,2023-11-08,[],0.0,-1.0,0.0
114,2023-11-07,['Po sześciu z rzędu wzrostowych sesjach WIG20 zakończył wtorkowy handel na minusie przy równoczesnej słabszej postawie złotego w stosunku do dolara. Pod kreską były także niższe segmenty rynku i zdecydowana większość indeksów branżowych.'],0.0,-1.0,-0.23
110,2023-11-03,"['Koniec tygodnia przyniósł kontynuację dobrego sentymentu na rynkach akcji, z którego korzystały indeksy na GPW. Najważniejsze z nich notują już czwarty z rzędu tydzień wzrostów.']",1.0,1.0,2.55
115,2023-11-02,['Pierwsza sesja listopada na GPW przyniosła kontynuację wzrostów. WIG20 rano zbliżył się na mniej niż 1 procent do lipcowego rekordu hossy trwającej od ponad roku. Indeksy w Warszawie tym razem jednak radziły sobie słabiej od tych na rynkach bazowych.'],0.0,1.0,1.5
116,2023-10-31,"['WIG20 zakończył wtorkową sesję na solidnym plusie i na najwyższym poziomie od sierpnia. Jednakże zainteresowaniem inwestorów cieszyły się niemal wyłącznie największe spółki, nierzadko te z dominującym udziałem Skarbu Państwa.']",0.0,0.0,0.81
117,2023-10-30,"['Nie pierwszy to już raz w ostatnim czasie, kiedy GPW znajduje się w czołówce najlepszych europejskich rynków. Także w poniedziałek WIG20 znalazł się na trzecim miejscu rynkowego, europejskiego podium, swoją siłę zawdzięczając w sporej mierze sektorowi bankowemu.']",1.0,1.0,2.98
120,2023-10-27,"['Piątkowe cofnięcie indeksów na GPW nie przeszkodziło dwóm najważniejszym z nich skończyć trzeciego tygodnia z rzędu wzrostami. Sesja była już w większym stopniu związana z nastrojami na rynkach bazowych, co w ostatnich dniach na GPW nie było normalnym zjawiskiem. \xa0']",1.0,-1.0,2.14
122,2023-10-26,"['Trwa rzadko w ostatnich latach spotykane zjawisko: WIG20 radzi sobie wyraźnie lepiej od niemieckiego DAX-a. Tak też było w czwartek, gdy flagowy indeks GPW zyskał prawie 1%, podczas gdy DAX zniżkował o blisko 1%.']",1.0,-1.0,0.63
121,2023-10-25,['Pomimo osłabienia złotego warszawska giełda była dziś jasnym punktem wśród słabych europejskich i światowych indeksów. Środowa sesja na GPW upłynęła pod znakiem silnych banków i słabych spółek z SWIG80.\xa0'],1.0,-1.0,0.55
119,2023-10-25,"['Ostanie miesiące to liczne zmiany prezesów w giełdowych spółkach, a rezygnacje\xa0i dymisje dotyczyły także tych największych z WIG20. Niektórzy odchodzą ze stanowisk, gdy spółka zmierza w stronę upadłości, a inni - gdy rozkwita. Do tego wkrótce zacznie działać kadrowa miotła nowego rządu, przez co zmian może być jeszcze więcej.']",1.0,-1.0,1.32
118,2023-10-24,"['We wtorek indeksy z GPW były wśród najmocniejszych w Europie ze szczególnym wskazaniem na WIG20, gdzie wyraźnie, przy wysokich obrotach rosły akcje najbardziej płynnych spółek z warszawskiego parkietu. Tym samym po czterech dniach spadków z rzędu wszystkie główne indeksy z GPW zaliczyły odbicie.\xa0']",0.0,0.0,1.55
125,2023-10-23,"['Początek nowego tygodnia nie przyniósł zmiany sentymentu na rynkach akcji, które są pod presją wysokich rentowności obligacji. Indeksy na polskim parkiecie odznaczyły się minimalnymi zniżkami, ale jednocześnie przedłużają serię spadkowych sesji z rzędu do czterech, co i tak nie zniosło jeszcze powyborczej zwyżki na WIG20.\xa0']",1.0,-1.0,2.42
123,2023-10-20,"['Trzeci z rzędu dzień spadków na GPW nie przeszkodził WIG20 zamknąć zmiennego tygodnia na plusie. Skrajne postawy inwestorów w pierwszej połowie tygodnia koncentrowały się czynnikach lokalnych, by w jego drugiej części najwięcej czerpać z zewnętrznego sentymentu. \xa0']",1.0,0.0,1.68
124,2023-10-19,[],0.0,-1.0,0.0
127,2023-10-18,"['WIG20 zaliczył cofnięcie w drodze na nowy szczyt hossy i środową sesję skończył na minusie, tym razem w dużej korelacji z rynkami bazowymi. Na giełdach nie słabnie też niepokój o sytuację na Bliskim Wschodzie, ale inwestorzy patrzą przede wszystkim na rosnące rentowności obligacji.']",1.0,-1.0,2.47
128,2023-10-17,"['Indeksy na GPW ciągle korzystają z powyborczego wiatru zmian i pną się do góry. Co prawda na niektórych spółkach widać pierwsze objawy realizacji zysków, ale silny złoty wspiera szerokie wzrosty i pokazuje, że napływ zagranicznego kapitału trwa. Do inwestycji na GPW zachęcał też poranny komunikat banku inwestycyjnego Morgan Stanley o dobrych perspektywach polskiego rynku.']",1.0,-1.0,1.59
126,2023-10-16,"['Największym sesyjnym wzrostem WIG20 od czasu odreagowania wojennego krachu z lutego 2022 r. - tak GPW przyjęła wstępne wyniki wyborów w Polsce. Przy ogromnych obrotach inwestorzy wykupywali akcje banków oraz Orlenu, ale także innych spółek Skarbu Państwa.']",1.0,1.0,1.43
130,2023-10-13,"['Ostatnia sesja przed niedzielnymi wyborami parlamentarnymi w Polsce zakończyła się zwyżkami głównych indeksów na GPW. Tym samym WIG20 zyskał w skali całego tygodnia najwięcej od kwietnia bieżącego roku. Polski rynek podążył w odwrotnym kierunki niż europejskie giełdy, które notowały spadki.']",0.0,0.0,1.46
129,2023-10-12,"['Sesja na GPW miała swoje dwie odsłony, podporządkowane publikacji danych o inflacji z USA. Spójna z rynkami światowymi odpowiedź na pokazane odczyty przyniosła pierwszy spadek WIG20 od tygodnia. Na rynku najwięcej emocji wzbudził kurs spółek Pepco po wynikach oraz CI Games, której największa gra ma mieć premierę w piątek, ale w czwartek pokazały się pierwsze recenzje.']",1.0,1.0,2.06
132,2023-10-11,"['WIG20 skończył czwartą z rzędu giełdową sesję wzrostem, ale tym razem nie był on już tak spektakularny jak w poniedziałek i wtorek. Dalej wyraźnie w górę idą notowania banków, których indeks od decyzji RPP zyskał już blisko 15 proc.']",1.0,-1.0,0.05
131,2023-10-10,"['Wzrosty na WIG20 jeszcze przyspieszyły i wyniosły indeks najwyżej od 20 września. I tym razem indeks był jednym najmocniejszych tego dnia w Europie. Nastroje na rynkach bazowych też były wyraźnie lepsze. GPW wpisała się zatem w dobry sentyment na giełdach w Europie i USA i dzięki wzrostom w szczególności sektora bankowego, paliwowego, energetycznego i górniczego.']",0.0,0.0,3.28
133,2023-10-09,"['Co ma rosnąć, nie spadnie, można powiedzieć po poniedziałkowej sesji na GPW. Indeks największych spółek zaliczył spektakularny wzrost przy słabszym otoczeniu rynkowym związanym z atakiem Hamasu na Izrael. Wzrosty cen ropy napędziły popyt na akcje Orlenu, a silny sektor bankowy nie cofa się od decyzji RPP o mniejszym cięciu stóp procentowych.']",1.0,0.0,1.75
134,2023-10-06,"['Finał giełdowego tygodnia na GPW skoncentrowany był wokół przeceny Allegro i CD Projektu, kolejnej mocnej sesji sektora bankowego oraz reakcji inwestorów na dane z amerykańskiego rynku pracy. Chociaż reprezentacyjny indeks zdołał w piątek utrzymać się nad kreską, to w skali tygodnia zaliczył największy spadek od początku września.']",0.0,0.0,0.61
136,2023-10-06,"['Kurs Allegro szybko dostosował się w piątek do ceny związanej z kolejnym w tym roku procesem budowy przyspieszonej księgi popytu (ABB), a sesję rozpoczął luką spadkową. Handel akcjami giganta e-commerce mocno hamował indeks WIG20, chociaż na rynkach bazowych obserwowane były wzrosty.\xa0']",1.0,0.0,0.26
138,2023-10-05,"['Sesja zakończyła się przewagą podaży na głównych i branżowych indeksach. Poranna próba kontynuacji wzrostów na WIG20 znów zderzyła się z kontrą podaży. Mocno spadły notowania CD Projektu, który podsumował premierę „Widma Wolności” i powiadomił o zmianach na fotelu prezesa.']",0.0,-1.0,2.09
137,2023-10-04,"['Tym razem decyzja RPP spotkała się z przychylną reakcją rynku i pozwoliła skończyć sesję na GPW wzrostami. Handel miał skomplikowany przebieg, bo poza RPP liczyło się też otoczenie rynkowe, a to wciąż jest wymagające.']",1.0,-1.0,0.45
135,2023-10-03,[],0.0,-1.0,0.0
139,2023-10-02,"['Początek nowego tygodnia, miesiąca i kwartału na rynkach akcji nie rozpoczął się zbyt dobrze, także na GPW. Główne indeksy były pod kreską, jak większość branż. Drożejący dolar tworzył presję na ceny surowców, a banki znów zaczęły tracić na chwilę przed trudną do przewidzenia decyzją RPP.']",1.0,1.0,1.99
142,2023-09-29,"['Piątek przyniósł wyraźne odbicie na światowych rynkach akcji, który można określić, parafrazując znane powiedzenie, tylko „łyżką miodu w beczce dziegciu”, jaką były kończące się okresy tygodnia, miesiąca i całego kwartału. Pocieszeniem może być to, że statystycznie najgorsze miesiące pod względem stóp zwrotu za nami.']",1.0,1.0,0.79
140,2023-09-28,"['Co prawda sesja skończyła przesunięciem w dół WIG20 o niespełna 1 proc., ale spadki kursów kilku spółek, w niektórych przypadkach były głębokie, a w innych wręcz paniczne. W dodatku odbyły się, gdy rynki bazowe próbowały piąć się w górę, a złoty nieco odrabiał do dolara. To kolejna sesja słabości polskich blue chipów, których indeks znów zameldował się w czasie sesji najniżej od kwietnia.\xa0']",1.0,-1.0,2.17
141,2023-09-27,"['O ile dzień wcześniej WIG20 odznaczył się relatywną siłą względem otoczenia, o tyle w środę kursy największych spółek mocno oberwały w odpowiedzi na najwyższy od marca bieżącego roku kurs dolara do złotego oraz cofnięcie się sektora bankowego. Tym razem indeks polskich blue chipów raził słabością na tle mieszanej sesji w Europie i lekkich wzrostów w USA. Liczony w dolarach oddalił się już od lipcowego szczytu o 22 proc.\xa0']",1.0,-1.0,3.09
144,2023-09-26,"['Oczekiwana premiera CD Projektu zebrała „bardzo pozytywne” recenzje, ale kurs spółki był we wtorek największym obciążeniem dla WIG20, który w czasie sesji zszedł najniżej od maja bieżącego roku. Ostatecznie indeks skończył dzień na plusie dzięki dobrej postawie sektora bankowego.']",1.0,0.0,1.91
143,2023-09-25,"['Gdyby nie 3 spółki, poniedziałek na czerwono zakończyłby cały WIG20. Indeks blue chipów GPW ""zachował twarz"" dzięki LPP, CD Projekt oraz Dino Polska. Po drugiej stronie znalazło się Allegro, którego akcje są w tej chwili na największej ""promocji"" od 6 miesięcy.']",1.0,0.0,3.19
145,2023-09-19,"['Inwestorzy znów robią ostrożnie krok w tył przed decyzją Fedu. Wątpliwości napędza proinflacyjny wzrost cen ropy. Sentyment jest mocno niepewny, dzięki czemu zyskuje dolar, a WIG20 zalicza kolejny z rzędu dzień pod kreską. Uwagę we wtorek zwracała przecena akcji Dino przy podwyższonych obrotach.']",1.0,-1.0,2.09
146,2023-09-18,"['Początek tygodnia, w którym rynki finansowe mają do przejścia maraton decyzji banków centralnych w sprawie stóp procentach, rozpoczął się od szerokiego cofnięcia spółek WIG20, wpisującego się w sentyment na innych rynkach europejskich. Pod presją szczególnie był sektor bankowy, ale słabo radziły sobie też energetyka, górnictwo i sektor paliwowy. Mocne odbicie zaliczyły kursy spółek, które ostatnio najmocniej traciły.']",0.0,0.0,0.84
148,2023-09-14,"['Zasygnalizowany koniec cyklu podwyżek stóp procentach przez EBC i chińska zapowiedź obniżki stopy rezerw obowiązkowych wsparły nastroje na europejskich giełdach, w tym na GPW. Z głównych indeksów najwięcej zyskał WIG20, a z branżowych chemia i górnictwo dzięki mocnym wzrostom Ciechu oraz KGHM-u i JSW. Kolejna spółka w tym tygodniu złożyła oficjalnie wniosek o ogłoszenie upadłości.']",0.0,1.0,1.15
147,2023-09-13,"['Mimo ważkich wydarzeń na rynkach finansowych indeksy na polskiej giełdzie poruszały się w bardzo ograniczonym zakresie, kontynuując konsolidacyjny ruch po mocnej wyprzedaży z zeszłego tygodnia. Tak jak we wtorek WIG20 pozostał niewzruszony na pogłębienie słabości złotego, tak w środę nie zareagował na jego nagłe umocnienie.']",1.0,0.0,0.67
149,2023-09-13,"['Przeliczony na amerykańskie dolary indeks WIG20 jest już o krok przeceny na poziomie 20 proc. liczonej od ostatniego szczytu notowań. Tym samym indeks, na który patrzą przede wszystkim dominujący w handlu na GPW inwestorzy zagraniczni, wchodzi w objęcia technicznej bessy.']",0.0,-1.0,0.25
150,2023-09-12,"['Mimo dalszej ', ', warszawskie indeksy zachowały się dosyć stabilnie, a w przypadku WIG20, najbardziej wrażliwego na rynek walut, sesja zakończyła się nawet wzrostem. Uwagę zwracała przecena akcji spółek, które poinformowały o rezygnacji ze stanowisk swoich dotychczasowych prezesów.']",1.0,0.0,1.48
152,2023-09-11,"['Poniedziałkowa próba zainicjowania odbicia po najsłabszym tygodniu od blisko pół roku na WIG20 na razie nie przyniosła oczekiwanych rezultatów. Mimo początku luzowania polityki monetarnej przez RPP indeks dużych spółek jest zakładnikiem słabości złotego do dolara oraz kalendarza ekonomicznego, który przewiduje w tym tygodniu rozliczenie kontraktów terminowych. Na szerokim rynku znów pojawił się komunikat o upadłości jednej ze spółek, której akcje jeszcze niedawno były przedmiotem mocnych wzrostów.\xa0']",1.0,1.0,1.02
151,2023-09-07,"['Na GPW znów przewaga spadków, chociaż skala przeceny była niższa, to na WIG20 w czasie sesji (albo dokładniej konferencji) przekraczała 2 procent. Indeks największych spółek był pod wpływem zewnętrznego wzrostu awersji do ryzyka i wewnętrznych czynników związanych ze słabością złotego, których źródłem była konferencja prezesa NBP Adam Glapińskiego, komentującego szokującą decyzję RPP.']",1.0,-1.0,-0.44
155,2023-09-06,"['Środa odznaczyła się ogromną słabością głównych indeksów z GPW, z których WIG i WIG20 były tego dnia najsłabsze w całej Europie. Portfel największych spółek jest notowany najniżej od ponad trzech miesięcy, co w największym stopniu koreluje ze słabością złotego do dolara, ale spadki w środę miały zapewne swoje źródło w zaskakującej decyzji RPP.']",0.0,0.0,3.58
154,2023-09-05,"['Trwa spadkowa seria największych spółek z branży energetycznej na GPW. Na głównych indeksach znów dominowała czerwień, a WIG20 z powrotem znalazł się blisko poziomu 2000 pkt, którego obronę i odbicie z końca sierpnia wielu uznało za koniec spadkowej korekty. Nie będzie to jednak takie łatwe w czasie ciągle drożejącego dolara.']",0.0,0.0,1.89
153,2023-09-04,"['Początek tygodnia nie zaczął się dobrze dla giełdowych byków, bo na indeksach przeważała czerwień, a WIG20 wymazał ', ' i znów podsyca wątpliwości o statystyce słabych stóp zwrotu z akcji we wrześniu. Rynkową uwagę skupiały w poniedziałek akcje banków, CD Projektu, Kernela oraz spółek energetycznych. \xa0']",1.0,1.0,1.42
157,2023-09-01,"['Piątkowa sesja przyniosła wyraźne i szerokie wzrosty WIG20, który tym samym po raz pierwszy od czterech tygodni kończy cały tydzień na plusie. Inwestorzy odreagowali czwartkowe cofnięcie, a po lepszych dla akcyjnych aktywów danych z amerykańskiego rynku pracy poprowadzili indeks blue chipów na tygodniowe maksima, a sesję skończyli w ich okolicy.']",1.0,1.0,1.65
156,2023-08-31,"['Czwartkowa sesja przyniosła zniżkę indeksu największych spółek w odpowiedzi na słabość polskiej waluty i cofnięcie sektora bankowego, a szerokiego rynku w dodatku przez handel na Budimeksie. Uwadze nie umyka także paczka danych z polskiej gospodarki sygnalizująca stagflację. Cały sierpień okazał się najgorszym pod względem stopy zwrotu miesiącem w tym roku i przyniósł największy spadek WIG20 od września 2022 r.']",0.0,-1.0,2.16
158,2023-08-29,"['Na tle rynków europejskich WIG i WIG20 wypadł słabo i nie skorzystały za bardzo z lepszego sentymentu napędzanego przez odbicie rynków w Chinach czy popołudniowe dane z amerykańskiego rynku pracy. Największą przecenę zaliczyła spółka, która nie dogadała się z wierzycielami i „wkroczyła na ścieżkę upadłościową”.']",0.0,1.0,0.43
160,2023-08-25,"['Wynik ostatniej sesji tygodnia był podporządkowany rynkom bazowym i ich reakcji na doniesienia z konferencji w Jackson Hole, gdzie przemawiał Jerome Powell. Efekt był taki, że kontra popytu obserwowana przez większość dnia została w ostatniej godzinie handlu zgaszona niejednoznacznym odbiorem przekazu szefa Fedu.']",1.0,0.0,1.06
159,2023-08-24,"['Główne indeksy warszawskiej giełdy, które przez większość dnia znajdowały się na niewielkim plusie, zakończyły czwartkową sesję na czerwono. Wśród blue chipów GPW najmocniej zyskiwały akcje LPP. Liderem spadków w WIG20 okazał się CD Projekt.']",1.0,1.0,0.5
162,2023-08-23,"['Podobnie jak dzień wcześniej finał sesji nie przyniósł większych zmian na indeksach, ale na WIG20 i sWIG80 testowane były ważne poziomy na wykresie, który i tym razem udało się obronić. W czasie handlu uwagę przykuwał kurs XTB oraz PCC Rokita, która pokazała znaczny spadek wyników w raporcie finansowym. Spadki kontynuuje kurs Dino znów przy największych obrotach na rynku.\xa0']",0.0,-1.0,1.78
164,2023-08-22,"['Zmiany głównych indeksów na GPW były we wtorek niewielkie. Pod kreską zakończył sesję WIG20, ale ciągle utrzymuje się powyżej poziomu 2000 pkt. W granicach odniesienia skończyły sesję indeksy średnich i małych spółek, z tym że indeksy przybrały dwa różne kolory po fixingu.\xa0']",0.0,-1.0,1.12
163,2023-08-21,"['Poniedziałek na GPW to przede wszystkim próba przerwania spadkowej serii na WIG20, która ostatecznie się udała. Niewielkie zmiany głównych indeksów nie odzwierciedlały tego, jak wiele się działo na niektórych spółkach. Znów w centrum uwagi były akcje Dino oraz niespodziewanie XTB oraz Bogdanki.']",1.0,0.0,-0.38
161,2023-08-18,"['WIG20 zaliczył już piątą z rzędu spadkową sesję, co przełożyło się na najgorszy tydzień indeksu na GPW od połowy marca bieżącego roku. Negatywnie wyróżnił się kurs Dino, który inwestorzy przecenili w odpowiedzi na zaprezentowane wyniki finansowe.']",0.0,1.0,-0.59
165,2023-08-17,"['To już czwarta z rzędu sesja ze spadkiem WIG20, co pogłębia korektę indeksu blue chipów do poziomu 2000 pkt. Dzień znów przyniósł szerokie spadki portfela największych spółek.\xa0 Rynkowe nastroje popsuły „jastrzębie” minutki Fedu opublikowane w środę wieczorem.']",0.0,-1.0,2.04
166,2023-08-16,['Po dniu bez sesji inwestorzy powrócili do handlu na GPW w słabych nastrojach. Wszystkie główne i branżowe indeksy z warszawskiego parkietu zanotowały spadki ze szczególnie wyraźną przeceną górnictwa i banków. Na szerokim rynku spekulacyjny kapitał powrócił do gry na akacjach EC Będzin.'],0.0,0.0,1.85
167,2023-08-14,"['Poniedziałkowa sesja na GPW charakteryzowała się mieszanymi nastrojami. Rynkowi ciążyły duże spółki, natomiast lepiej radziły sobie małe i średnie podmioty. Środek długiego weekendu sprzyjał niskim obrotom na rynku.']",0.0,0.0,0.46
169,2023-08-11,"['Koniec tygodnia przyniósł spadki WIG, WIG20 i sWIG80 oraz wzrosty indeksu średnich spółek. W skali całego tygodnia statystyka była podobna i podaż ściągnęła w dół trzy z czterech głównych benchmarków. Gwiazdą sesji okazał się Budimex, którego kapitalizacja przewyższa siedem innych spółek z WIG20, w którym zresztą już kiedyś był notowany.']",1.0,-1.0,0.72
174,2023-08-11,"['Nowy tydzień przyniesie niezwykle ciekawy odczyt PKB w Polsce za poprzedni kwartał oraz finalny poziom lipcowej inflacji w naszym kraju. Rozkręci się sezon wynikowy na GPW, a raporty finansowe pokażą m.in spółki z WIG20, których łączna kapitalizacja to blisko 75 mld zł.']",1.0,0.0,0.17
168,2023-08-10,"['Czwartkowa sesja na rynkach akcji była podporządkowana publikacji danych o inflacji w USA. Brak negatywnego zaskoczenia poprawił nastroje i spowodował wzrost apetytu na ryzykowne aktywa. Indeksy na GPW skorelowane z rynkami bazowymi podążyły do góry, w większości kończąc sesje kilka punktów od dziennych maksimów.']",1.0,1.0,-0.79
170,2023-08-09,['W środę na rynkach akcyjnych w Europie przeważały pozytywne nastroje i próba odbicia głównych indeksów. Na GPW reprezentacyjny indeks zanotował jednak spadek z uwagi na jego charakter i wpływ odcięcia dywidendy z Orlenu.'],1.0,1.0,0.19
171,2023-08-08,"['We wtorek na rynkach akcji nastąpiło wyraźne pogorszenie sentymentu. Pod szczególną presją był sektor bankowy, którego reprezentanci tracili na giełdach w Europie i USA. To efekt kilku informacji, które spłynęły na rynek w ostatnich 24 godzinach. Także na GPW to banki odpowiadały w największym stopniu za skalę przeceny głównych indeksów, ale reszta też traciła w obliczu wzrostu awersji do ryzyka.\xa0']",0.0,0.0,1.18
175,2023-08-08,"['Dywidenda od Orlenu w 2023 r. nie ma sobie równych pod względem nominalnym w historii GPW, chociaż dawno temu obecna giełdowa spółka wypłaciła ponad dwa razy tyle co Orlen w tym roku. Dzięki wypłacie przez płocki koncern kilku miliardów złotych suma dywidend od spółek z WIG20 może być w tym roku największa od 2014 r.']",0.0,-1.0,1.51
173,2023-08-07,"['Sesja na GPW w poniedziałek odznaczyła się sporą przewagą podaży, ale relatywnie niskimi obrotami, które na WIG20 przekroczyły tylko 530 mln złotych. Na płytkim rynku podaż zdołała ściągnąć w dół wszystkie główne indeksy i prawie wszystkie indeksy sektorowe. Aktualizacja rejestru krótkiej sprzedaży KNF pokazała powrót do gry na spadki kursu Kęt przez funduszu Marshall Wace.']",0.0,-1.0,3.34
172,2023-08-04,"['Chociaż w piątek na GPW powróciła przewaga zieleni, to jednak tydzień większość indeksów skończyła pod kreską. Rynek poznał comiesięczne dane o rynku pracy w USA, które nie zachwiały poprawą nastrojów na rynkach bazowych i w dodatku sprowadziły korektę ostatniej siły dolara. Wydatnie na tym skorzystał w piątek przede wszystkim WIG20.']",1.0,-1.0,1.56
178,2023-08-03,"['W czwartek na GPW dominowały spadki, których jednak skala na głównych indeksach była mniejsza niż dzień wcześniej. Dwa duże banki pochwaliły się, że w poprzednim kwartale zarobiły na czysto ponad miliard złotych każdy, bijąc rynkowe oczekiwania. Dzięki temu branżowy indeks zyskał po dwóch dniach spadków.']",0.0,-1.0,2.17
177,2023-08-02,"['Wzrost awersji do ryzyka, jaki na rynkach finansowych spowodował obniżony rating dla USA sporządzony przez agencję Fitch, wyraźnie odczuli inwestorzy z GPW. Zresztą podobnie jak na rynkach bazowych, dla których publikacja okazała się idealnym powodem do realizacji ostatnio wypracowanych zysków.']",0.0,0.0,-1.46
176,2023-08-01,"['Pierwsza sesja sierpnia przyniosła zawahanie popytu na WIG20. Słabe dane z polskiego przemysłu i europejskiej gospodarki oraz korekta słabości dolara i spadki na rynkach surowców były zestawem czynników, które wraz z pogorszeniem nastrojów na rynkach bazowych stały za spadkami na GPW we wtorek. Kolejna aktualizacja rejestru krótkiej sprzedaży KNF pokazała kilka istotnych zmian.']",0.0,1.0,0.89
180,2023-07-31,"['Ostatnia sesja lipca na GPW skończyła się niewielkim przesunięciem WIG20 w górę, który jednak zdołał poprawić rekord hossy, zresztą podobnie jak WIG, ten w dodatku jest już blisko swojego historycznego szczytu. Zakończony giełdowy miesiąc znów okazał się mocno zyskowny na reprezentacyjnym indeksie warszawskiego parkietu. Rejestr KNF dot. krótkiej sprzedaży pokazał kilka zmian w odniesieniu do spółek z WIG20.']",1.0,-1.0,0.84
181,2023-07-28,"['Płaska sesja głównych indeksów zakończyła giełdowy tydzień na GPW. Chociaż przesunięcia były minimalne, to zmiany w ciągu dnia były znacznie większe. Cały tydzień WIG20 znów skończył na plusie, trzeci raz z rzędu.']",1.0,-1.0,1.37
179,2023-07-27,"['Sesja w czwartek podniosła do góry główne indeksy na GPW, które w korelacji z rynkami bazowymi odpowiadały na decyzje Fedu i EBC oraz dane z amerykańskiej gospodarki. Lokomotywami wzrostu WIG20 były dynamiczne zwyżki przy sporych obrotach cen akcji Allegro i CD Projektu.']",1.0,1.0,2.02
183,2023-07-26,"['Na GPW dominowały w środę spadki, tak jak na rynkach bazowych, gdzie inwestorzy ostrożnie podchodzili do zakupów akcji tuż przed serią decyzji banków centralnych w sprawie prowadzonej polityki monetarnej. Inwestorzy reagują też na raporty finansowe największych spółek na świecie, ale sezon wynikowy rozpędza się też na GPW.']",0.0,0.0,0.25
184,2023-07-25,"['WIG20 poprawił dotychczasowy rekord hossy i na mniej niż 1 proc. zbliżył się do poziomu 2200 pkt., gdzie był notowany przed wybuchem wojny w Ukrainie. Indeks wspiął się na nowy szczyt przy wydatnym wsparciu kursu KGHM-u, który zyskiwał pośrednio dzięki doniesieniom z posiedzenia Biura Politycznego rządzącej w Chinach Partii Komunistycznej. Rekordy hossy poprawiły także WIG i mWIG40.']",0.0,1.0,0.31
182,2023-07-24,"['W poniedziałek indeks średnich spółek z GPW wyznaczył rano nowy szczyt hossy, po czym słabł z każdą godziną handlu. Z kolei WIG20 utrzymał skalę wzrostów z pierwszej części sesji, jednak nie zdołał przesunąć wyżej swojego szczytu. Uwagę rynku, zwłaszcza inwestującego w sektor gier, zwróciła informacja o dużym przejęciu polskiej spółki spoza parkietu przez chińskiego potentata']",0.0,-1.0,1.17
186,2023-07-20,"['W czwartek większość głównych indeksów na GPW zanotowała nieznaczne spadki po kilku dniach nieprzerwanych wzrostów. W Europie dominowały wzrosty, ale Wall Street także zaczęło dzień od spadków, po rajdzie byków, zwłaszcza na spółkach technologicznych. Ożywił się nieco kurs dolara, który do złotego był w czwartek najmocniejszy od blisko tygodnia.']",1.0,-1.0,2.46
185,2023-07-19,"['Sesja na GPW w środę przyniosła przedłużenie serii WIG20, która na liczniku pokazuje już 9 dni nieprzerwanych wzrostów. Tym razem przy spadkach cen akcji części banków, Allegro i korekcie na PGE, ciągnącym indeks do góry był kurs Orlenu. Z ciekawszych rynkowych doniesień warto wspomnieć o rezygnacji prezesa EC Będzin, słabych wynikach Grodna czy potwierdzonej dywidendzie od Bumechu.']",1.0,1.0,2.09
187,2023-07-18,"['WIG20 zakończył wzrostem ósmą sesję z rzędu, czym poprawił dotychczasowy sesyjny szczyt hossy oraz wynik zamknięcia. Inwestorom sprzyjał dobry sentyment na rynkach akcji i lokalnie wzrostowa postawa sektora bankowego i energetycznego. Wszystkie główne indeksy poprawiły okresowe lub historyczne rekordy.']",1.0,0.0,1.28
188,2023-07-18,['Od początku br. indeksy WIG i WIG20 urosły odpowiednio o 17 proc. i 15 proc. przy czym w zasadzie całość wzrostu jest zasługą poprawy nastrojów w II kw. – wynika z raportu IPO Watch Europie.'],0.0,-1.0,1.03
189,2023-07-11,"['We wtorek urosły wszystkie główne indeksy warszawskiej giełdy, a SWIG80 osiągnął najwyższy wynik zamknięcia w historii. Polityczne decyzje sprawiły, że wzrok inwestorów koncentrował się głównie na Jastrzębskiej Spółce Węglowej i Grupie Azoty.']",1.0,0.0,1.07
191,2023-07-06,"['Po zakończeniu I półrocza odświeżamy jeden z naszych ulubionych wykresów, który na jesieni 2022 niezwykle trafnie zasygnalizował, jak tanie (czytaj: atrakcyjne) były wtedy polskie akcje. Chodzi o wykres przedstawiający\xa0wskaźnik P/E\xa0(cena/zysk) w wersji opartej na prognozach zysków dla spółek z indeksu MSCI Poland (to grupa dużych firm, zbliżona składem do WIG20).']",1.0,0.0,2.16
190,2023-07-06,"['Zgodnie z oczekiwaniami czwartkowe notowania rozpoczęły się od spadków, a indeks WIG20 znalazł się poniżej poziomu 2.000 punktów. Wśród blue chipów zniżkują prawie wszystkie spółki, w tym najmocniej, o 2,2 proc., akcje Allegro.']",1.0,-1.0,1.84
195,2023-07-03,"['Poniedziałkowa sesja zakończyła się na zielono dla niemal całego WIG20 pomimo złych czerwcowych odczytów PMI dla polskiego przemysłu. Poniedziałek przyniósł także oczekiwany od 11 dni raport UKNF w sprawie afery wokół Elektrociepłowni Będzin, co wpłynęło znacząco na kurs jej akcji.']",1.0,-1.0,1.78
192,2023-06-30,"['W piątek nastąpił kalendarzowy zbieg kilku okresów, bo miała miejsce ostatnia giełdowa sesja tygodnia, ale także miesiąca, kwartału oraz półrocza. Rozdanie w ujęciu jednodniowym przyniosło spadki WIG20. Jednak już tydzień, miesiąc, kwartał oraz pierwsze półrocze nie pozostawiają wątpliwości co do siły byków na najważniejszym indeksie na GPW, chociaż najwięcej od początku roku zyskały małe spółki.']",1.0,1.0,2.82
193,2023-06-29,"['Echa jastrzębich wypowiedzi bankierów centralnych nie na długo zagrzały miejsca w głowach inwestorów i indeksy próbowały na światowych rynkach akcji iść w górę. Poprawa notowań na rynku ropy, słabszy dolar oraz wzrosty sektora bankowego to zazwyczaj mieszanka, która daje przewagę bykom na WIG20 i tak też było w czwartek na GPW. Ponadto na spadki kursu CD Projektu gra oficjalnie coraz mniej funduszy.']",1.0,1.0,1.52
194,2023-06-28,"['Sesja na GPW była w dużej mierze skorelowana z impulsami zewnętrznymi, takimi jak odbicie na dolarze, przecena cen surowców i „jastrzębie” wypowiedzi bankierów centralnych na konferencji w portugalskiej Sintrze. Ostatecznie WIG20 zanotował zmienne rozdanie, które zamknął niewielkim wzrostem. Blisko pobicia historycznego szczytu był kurs EC Będzin, ale notowania zostały zawieszone.']",0.0,0.0,0.01
197,2023-06-27,"['Od trzech dni handel na WIG20 charakteryzuje się większymi wahaniami niż na rynkach bazowych, ale ciągle odbywa się w ramach konsolidacji wokół poziomu 2050 pkt. We wtorek inwestorzy nie skorzystali z dalszego osłabienia dolara, a przecenie uległy kursy wszystkich największych spółek na czele z CD Projektem.\xa0']",0.0,-1.0,1.08
196,2023-06-26,"['W poniedziałek polski parkiet odznaczył się względną siłą na tle lekko rosnących rynków bazowych. Zwłaszcza WIG20 wyróżnił się skalą wzrostów, chociaż przy niskich obrotach. Nowy dzień przyniósł też kolejny zestaw informacji nt. EC Będzin.']",1.0,0.0,2.46
199,2023-06-23,"['Koniec tygodnia przyniósł duże spadki na krajowej giełdzie, które nawiązywały do przeceny na rynkach bazowych. Inwestorzy poznali recesyjne dane przemysłowe z Europy i USA, a echem odbiły się słowa szefa Fedu. Dolar starał się odreagować ostatnią słabość, a mieszanka powyższych czynników sprawiła, że sentyment do rynku akcji był na GPW w tym tygodniu najgorszy od połowy marca – jeśli mierzyć go skalą przeceny głównych indeksów.']",1.0,0.0,1.52
198,2023-06-20,"['We wtorek, już z udziałem amerykańskich inwestorów, europejskie indeksy kontynuowały cofnięcie rozpoczęte dzień wcześniej. Nie inaczej było na GPW, gdzie CD Projekt został liderem przeceny w WIG20. Uwagę zwracały wzrosty elektrociepłowni Będzin i Kogeneracji.']",1.0,1.0,1.36
